{"cameraMode":{"drawMode":0,"name":"Shaded","section":"Shading Mode"},"sceneLighting":false,"audioPlay":false,"sceneViewState":{"showFog":false,"showMaterialUpdate":false,"showSkybox":false,"showFlares":false,"showImageEffects":false,"showParticleSystems":false},"in2DMode":false,"pivot":{"x":1.1095242500305176,"y":-2.063939094543457,"z":-0.4621620178222656},"rotation":{"x":0.28315725922584536,"y":-0.12186478078365326,"z":0.036296650767326358,"w":0.9506115913391113},"size":4.935126304626465,"orthographic":false}